{"regions": {"asdf": {"buildings": {"Farming 162 block": 2938, "Hospital": 2, "Pier": 2, "Small Store/Fuel Station": 5, "Dock per 10 blocks": 1}}, "free": {"buildings": {}}}, "bal": 0, "transactions": [[2576.0, 1666481086.504823, "Bought 1x Pier"], [21160.0, 1666481095.609806, "Bought 5x Small Store/Fuel Station"], [14352.0, 1666481109.892823, "Bought 1x Hospital"], [5814.4, 1666481114.19053, "Bought 1x Dock per 10 blocks"]]}